"LocCode","UnitCode","VegType","Panel_type","Year","SegLenM","TransectLenM","pCoverEpsilon","WYear","pCoveru","pCoverl","pCovera"
"AC.1-10","AC","H","Annual",2008,1166.66,1255.83,92.9,1,92.9,2.57142886177252,1.30107976976816
"AC.1-10","AC","H","Annual",2009,1147.51,1255.19,91.42,2,91.42,2.36603035940373,1.27352075200593
"AC.1-10","AC","H","Annual",2012,1124.01,1255.75,89.51,5,89.51,2.14392792847464,1.24096580010573
"AC.1-10","AC","H","Annual",2013,1107.01,1255.24,88.19,6,88.19,2.01054694769082,1.21998822355004
"AC.1-10","AC","H","Annual",2014,1119.27,1255.19,89.17,7,89.17,2.10822459913389,1.23545695893823
"AC.1-10","AC","H","Annual",2015,1097.81,1255.01,87.47,8,87.47,1.94317010852379,1.20897587847698
"AC.1-11","AC","H","Annual",2008,214.25,816.51,26.24,1,26.24,-1.03353161517245,0.537802502368679
"AC.1-11","AC","H","Annual",2009,241.62,815.32,29.63,2,29.63,-0.864979674392984,0.575595527140717
"AC.1-11","AC","H","Annual",2012,228.1,816.44,27.94,5,27.94,-0.947439751491131,0.556930454511667
"AC.1-11","AC","H","Annual",2013,211.8,816.35,25.94,6,25.94,-1.04908939659717,0.534386609716182
"AC.1-11","AC","H","Annual",2014,215.38,815.08,26.42,7,26.42,-1.02425195058245,0.539845991391549
"AC.1-11","AC","H","Annual",2015,216.91,816.38,26.57,8,26.57,-1.0165498116918,0.541545491699029
"AC.1-12","AC","H","Annual",2008,528.96,1314.13,40.25,1,40.25,-0.395059186947048,0.687269438315622
"AC.1-12","AC","H","Annual",2009,496.92,1314.13,37.81,2,37.81,-0.497620597212956,0.662257081514147
"AC.1-12","AC","H","Annual",2012,395.67,1313.82,30.12,5,30.12,-0.841590082334163,0.580948301875852
"AC.1-12","AC","H","Annual",2013,412.08,1313.81,31.37,6,31.37,-0.782877734717956,0.594493564208856
"AC.1-12","AC","H","Annual",2015,358.07,1313.21,27.27,8,27.27,-0.980966757308952,0.549436625657392
"AC.1-13","AC","H","Annual",2008,849.31,1622.82,52.34,1,52.34,0.0936684254314039,0.808806713763441
"AC.1-13","AC","H","Annual",2009,895.87,1622.87,55.2,2,55.2,0.20875481386211,0.837492361268096
"AC.1-13","AC","H","Annual",2012,870.95,1622.7,53.67,5,53.67,0.147064486760181,0.822131197456789
"AC.1-13","AC","H","Annual",2013,846.43,1622.62,52.16,6,52.16,0.0864538079760212,0.807004887509944
"AC.1-13","AC","H","Annual",2014,864.78,1622.69,53.29,7,53.29,0.131790421794674,0.81832195063156
"AC.1-13","AC","H","Annual",2015,838.39,1622.7,51.67,8,51.67,0.0668248564421006,0.802101269932521
"AC.1-14","AC","H","Annual",2008,280.96,780.06,36.02,1,36.02,-0.574496194773562,0.643709429475039
"AC.1-14","AC","H","Annual",2009,290.6,780.53,37.23,2,37.23,-0.522362364444815,0.656267462663183
"AC.1-14","AC","H","Annual",2012,237.4,781.06,30.39,5,30.39,-0.828794628251873,0.583887166777706
"AC.1-14","AC","H","Annual",2013,282.12,780.35,36.15,6,36.15,-0.568859633873775,0.645062899902688
"AC.1-14","AC","H","Annual",2014,264.78,780.57,33.92,7,33.92,-0.66686131828902,0.621688777721645
"AC.1-14","AC","H","Annual",2015,257.99,780.22,33.07,8,33.07,-0.705020770118849,0.61268385867415
"AC.1-15","AC","H","Annual",2008,820.27,1448,56.65,1,56.65,0.267585284247464,0.852095793705288
"AC.1-15","AC","H","Annual",2009,787.13,1448.06,54.36,2,54.36,0.174844064289068,0.829053607894411
"AC.1-15","AC","H","Annual",2012,728.16,1447.26,50.31,5,50.31,0.0124001588889981,0.788498183258459
"AC.1-15","AC","H","Annual",2013,731.5,1447.28,50.54,6,50.54,0.021600839866778,0.790798268378959
"AC.1-15","AC","H","Annual",2015,696.77,1447.36,48.14,8,48.14,-0.0744343477555925,0.766793870819802
"AC.1-16","AC","H","Annual",2008,1103.89,1262.93,87.41,1,87.41,1.93770684453614,1.20807062198712
"AC.1-16","AC","H","Annual",2009,1107.15,1262.72,87.68,2,87.68,1.96246986509433,1.21215901023584
"AC.1-16","AC","H","Annual",2012,1082.22,1262.36,85.73,5,85.73,1.79304339120192,1.18342422818692
"AC.1-16","AC","H","Annual",2013,1077.54,1261.94,85.39,6,85.39,1.76552277215691,1.17858766541071
"AC.1-16","AC","H","Annual",2014,1078.47,1260.86,85.53,7,85.53,1.7767896509493,1.18057346558494
"AC.1-16","AC","H","Annual",2015,1081.26,1262.05,85.67,8,85.67,1.78814746413587,1.1825672632676
"AC.1-17","AC","H","Annual",2008,234.1,889.61,26.31,1,26.31,-1.02991800972671,0.538597726182627
"AC.1-17","AC","H","Annual",2009,229.41,889.61,25.79,2,25.79,-1.05691209208879,0.532673860482359
"AC.1-17","AC","H","Annual",2012,233.92,888.73,26.32,5,26.32,-1.02940228548993,0.538711273995919
"AC.1-17","AC","H","Annual",2013,216.63,889.48,24.35,6,24.35,-1.13358559070577,0.5160601255689
"AC.1-17","AC","H","Annual",2014,213.14,888.78,23.98,7,23.98,-1.15377631396173,0.51173850820236
"AC.1-17","AC","H","Annual",2015,222.5,889.84,25,8,25,-1.09861228866811,0.523598775598299
"AC.1-18","AC","H","Annual",2008,582.55,1236.67,47.11,1,47.11,-0.115728992365939,0.756482047444637
"AC.1-18","AC","H","Annual",2009,516.97,1236.67,41.8,2,41.8,-0.330989015206682,0.703026063298165
"AC.1-18","AC","H","Annual",2012,457.98,1236.38,37.04,5,37.04,-0.530501194331169,0.65430126230645
"AC.1-18","AC","H","Annual",2013,468.55,1236.38,37.9,6,37.9,-0.493794876851052,0.663184867624165
"AC.1-18","AC","H","Annual",2015,427.71,1236.05,34.6,8,34.6,-0.636668576399474,0.628853103551881
"AC.1-19","AC","H","Annual",2008,1052.24,1397.78,75.28,1,75.28,1.11360186268763,1.05043679329878
"AC.1-19","AC","H","Annual",2009,1047,1397.8,74.9,2,74.9,1.09328604438544,1.04604361841055
"AC.1-19","AC","H","Annual",2012,1035.32,1397.68,74.07,5,74.07,1.04960999247462,1.03652379992983
"AC.1-19","AC","H","Annual",2013,1025.93,1397.63,73.4,6,73.4,1.01501271983282,1.02891130322965
"AC.1-19","AC","H","Annual",2014,1020.15,1397.55,73,7,73,0.994622575144062,1.02439576265692
"AC.1-19","AC","H","Annual",2015,1019.39,1397.44,72.95,8,72.95,0.992087269676304,1.0238328122377
"AC.1-2","AC","H","Annual",2007,786.38,1401.83,56.1,0,56.1,0.245221492447525,0.846550506650904
"AC.1-2","AC","H","Annual",2008,791.19,1401.84,56.44,1,56.44,0.259038828919853,0.849977565924807
"AC.1-2","AC","H","Annual",2009,762.27,1401.93,54.37,2,54.37,0.175247136218518,0.829153991151162
"AC.1-2","AC","H","Annual",2012,744.01,1401.75,53.08,5,53.08,0.123356185678732,0.816217675475065
"AC.1-2","AC","H","Annual",2013,754.87,1401.71,53.85,6,53.85,0.154305442653536,0.823936309678199
"AC.1-2","AC","H","Annual",2014,692.32,1401.22,49.41,7,49.41,-0.0236010954461863,0.779498026469535
"AC.1-2","AC","H","Annual",2015,692.75,1401.21,49.44,8,49.44,-0.0224009366891668,0.779798046313506
"AC.1-20","AC","H","Annual",2008,439.38,845.56,51.96,1,51.96,0.0784401945906161,0.805003186562349
"AC.1-20","AC","H","Annual",2009,437.48,846.85,51.66,2,51.66,0.0664244123923573,0.8020012144417
"AC.1-20","AC","H","Annual",2012,430.91,846.05,50.93,5,50.93,0.0372042907947011,0.794698699718948
"AC.1-20","AC","H","Annual",2013,442.09,846.43,52.23,6,52.23,0.0892592150463367,0.807705563067638
"AC.1-20","AC","H","Annual",2014,440.13,846.24,52.01,7,52.01,0.0804433519148269,0.805503581072204
"AC.1-20","AC","H","Annual",2015,397.93,847.42,46.96,8,46.96,-0.121750170357766,0.754979402529517
"AC.1-3","AC","H","Annual",2007,321.08,960.03,33.44,0,33.44,-0.688351008296452,0.616610628297326
"AC.1-3","AC","H","Annual",2008,324.22,960.03,33.77,1,33.77,-0.673560698099412,0.62010376441455
"AC.1-3","AC","H","Annual",2009,323.37,959.61,33.7,2,33.7,-0.676692059833501,0.619363502101839
"AC.1-3","AC","H","Annual",2012,327.9,959.84,34.16,5,34.16,-0.656172187448445,0.624221262064904
"AC.1-3","AC","H","Annual",2013,326.62,960.39,34.01,6,34.01,-0.662848616376226,0.622638966070989
"AC.1-3","AC","H","Annual",2014,319.12,959.88,33.25,7,33.25,-0.696899530178496,0.614595548346545
"AC.1-3","AC","H","Annual",2015,324.44,959.92,33.8,8,33.8,-0.67221966045399,0.62042090448299
"AC.1-4","AC","H","Annual",2007,504.47,1318.66,38.26,0,38.26,-0.478527055061906,0.666891757940514
"AC.1-4","AC","H","Annual",2008,506.85,1318.56,38.44,1,38.44,-0.470913724868587,0.668742703202372
"AC.1-4","AC","H","Annual",2009,507.63,1318.56,38.5,2,38.5,-0.468378933518734,0.669359321966092
"AC.1-4","AC","H","Annual",2012,439.93,1318.25,33.37,5,33.37,-0.691497633811163,0.615868563978981
"AC.1-4","AC","H","Annual",2013,469.2,1318.21,35.59,6,35.59,-0.593204201036698,0.639224889931962
"AC.1-4","AC","H","Annual",2014,419.48,1318.25,31.82,7,31.82,-0.762056243800116,0.599333414270043
"AC.1-4","AC","H","Annual",2015,415.36,1318.24,31.51,8,31.51,-0.77638279344063,0.596001287383642
"AC.1-5","AC","H","Annual",2007,637.73,1095.11,58.23,0,58.23,0.332222307339945,0.868074396543137
"AC.1-5","AC","H","Annual",2008,635.84,1095.1,58.06,1,58.06,0.32523693312271,0.866351380593635
"AC.1-5","AC","H","Annual",2009,622,1094.64,56.82,2,56.82,0.274510951339381,0.853811430164651
"AC.1-5","AC","H","Annual",2012,624.1,1094.93,57,5,57,0.281851152140988,0.855628870752376
"AC.1-5","AC","H","Annual",2013,631.97,1094.85,57.72,6,57.72,0.311289572903633,0.862908234504695
"AC.1-5","AC","H","Annual",2014,623.25,1093.96,56.97,7,56.97,0.280627266641796,0.855325899776236
"AC.1-5","AC","H","Annual",2015,617.6,1095.21,56.39,8,56.39,0.257005355964416,0.849473399167603
"AC.1-6","AC","H","Annual",2008,539.1,1258.42,42.84,1,42.84,-0.288382107482119,0.713551169530201
"AC.1-6","AC","H","Annual",2009,516.05,1259.04,40.99,2,40.99,-0.364378786552831,0.694803275422321
"AC.1-6","AC","H","Annual",2012,450.09,1258.77,35.76,5,35.76,-0.585796119333193,0.640999272762277
"AC.1-6","AC","H","Annual",2013,458.97,1258.6,36.47,6,36.47,-0.555022230457853,0.648390048745507
"AC.1-6","AC","H","Annual",2015,456.12,1258.74,36.24,8,36.24,-0.564962553307181,0.645999298912904
"AC.1-7","AC","H","Annual",2008,1086.7,1377.5,78.89,1,78.89,1.31830761524677,1.09341347415093
"AC.1-7","AC","H","Annual",2009,1088.95,1377.5,79.05,2,79.05,1.32794191728733,1.09537656312358
"AC.1-7","AC","H","Annual",2012,1069.25,1377.28,77.63,5,77.63,1.24423317491555,1.07813846305503
"AC.1-7","AC","H","Annual",2013,1073.35,1377.22,77.94,6,77.94,1.26217328608521,1.08186721048113
"AC.1-7","AC","H","Annual",2014,1048.52,1377.14,76.14,7,76.14,1.16037033428458,1.06046430556699
"AC.1-7","AC","H","Annual",2015,1061.72,1377.21,77.09,8,77.09,1.21340007400577,1.07168676255328
"AC.1-8","AC","H","Annual",2008,387.62,773.99,50.08,1,50.08,0.00320000273067085,0.786198163738782
"AC.1-8","AC","H","Annual",2009,386.96,773.75,50.01,2,50.01,0.000400000005333245,0.785498163398115
"AC.1-8","AC","H","Annual",2012,389.88,773.76,50.39,5,50.39,0.0156003163795491,0.789298202944531
"AC.1-8","AC","H","Annual",2013,389.54,773.77,50.34,6,50.34,0.0136002096271493,0.78879818960066
"AC.1-8","AC","H","Annual",2014,391.63,773.51,50.63,7,50.63,0.0252013337110465,0.791698330107359
"AC.1-8","AC","H","Annual",2015,352.27,773.79,45.53,8,45.53,-0.179278642048892,0.740638405140698
"AC.1-9","AC","H","Annual",2008,1098.13,1508.26,72.81,1,72.81,0.98500404976224,1.02225828804693
"AC.1-9","AC","H","Annual",2009,1068,1509,70.78,2,70.78,0.884723068594764,0.999699349556941
"AC.1-9","AC","H","Annual",2012,1025.77,1509.36,67.96,5,67.96,0.751934174603572,0.969103434509267
"AC.1-9","AC","H","Annual",2013,1101.14,1509.1,72.97,6,72.97,0.993101037489172,1.02405795306121
"AC.1-9","AC","H","Annual",2014,1018.12,1508.76,67.48,7,67.48,0.729975972998158,0.963970228037602
"AC.1-9","AC","H","Annual",2015,1006.4,1508.94,66.7,8,66.7,0.69464755593518,0.955670215749808
"AC.2-1","AC","H","Alternating",2007,415.69,760.05,54.69,0,54.69,0.188153118679634,0.832367211603415
"AC.2-1","AC","H","Alternating",2014,402.91,758.61,53.11,7,53.11,0.124560801332813,0.816518251878074
"AC.2-2","AC","H","Alternating",2007,578.57,1510.45,38.3,0,38.3,-0.476834034724742,0.667303221223397
"AC.2-2","AC","H","Alternating",2014,526.74,1510.22,34.88,7,34.88,-0.624318122653506,0.631793395214814
"AC.2-3","AC","H","Alternating",2007,854.71,1555.39,54.95,0,54.95,0.198650696795284,0.834979380363198
"AC.2-3","AC","H","Alternating",2014,881.66,1554.34,56.72,7,56.72,0.270436247685646,0.852802135407421
"AC.2-4","AC","H","Alternating",2007,345.96,756.85,45.71,0,45.71,-0.172022955573707,0.74244535253516
"AC.2-4","AC","H","Alternating",2014,323.78,755.78,42.84,7,42.84,-0.288382107482119,0.713551169530201
"AC.2-5","AC","H","Alternating",2007,1083.24,1512.84,71.6,0,71.6,0.924705928799439,1.00875276731319
"AC.2-5","AC","H","Alternating",2014,988.51,1510.44,65.45,7,65.45,0.63887894214223,0.942468861631233
"AC.3-1","AC","H","Alternating",2008,1089.73,1307.91,83.32,1,83.32,1.60847821946217,1.15008313468143
"AC.3-1","AC","H","Alternating",2015,1001.37,1307.45,76.59,8,76.59,1.18530323841868,1.06576047551723
"AC.3-2","AC","H","Alternating",2008,213.39,834.77,25.56,1,25.56,-1.06896480226472,0.530041313543186
"AC.3-2","AC","H","Alternating",2009,215.7,834.91,25.84,2,25.84,-1.0543012423432,0.533245136429126
"AC.3-2","AC","H","Alternating",2015,205.89,835.07,24.66,8,24.66,-1.1168287045277,0.519663813545919
"AC.3-4","AC","H","Alternating",2008,906.07,1628.14,55.65,1,55.65,0.226969368965965,0.842019101024726
"AC.3-4","AC","H","Alternating",2015,877.1,1627.96,53.88,8,53.88,0.155512656141305,0.824237210013137
"AC.3-5","AC","H","Alternating",2008,261.05,869.35,30.03,1,30.03,-0.845869696762566,0.579967020474803
"AC.3-5","AC","H","Alternating",2009,256.39,869.91,29.47,2,29.47,-0.872665354470485,0.573842167109768
"AC.3-5","AC","H","Alternating",2015,267.29,869.22,30.75,8,30.75,-0.811833150814921,0.587794252120573
"AC.1-1","AC","S","Annual",2007,0,559.17,0.11,0,0,-6.81134449373378,0
"AC.1-1","AC","S","Annual",2008,0,559.17,0.11,1,0,-6.81134449373378,0
"AC.1-1","AC","S","Annual",2009,0,560,0.11,2,0,-6.81134449373378,0
"AC.1-1","AC","S","Annual",2012,42.11,558.73,7.54,5,7.54,-2.50655393654021,0.278163915103862
"AC.1-1","AC","S","Annual",2013,0,559.37,0.11,6,0,-6.81134449373378,0
"AC.1-1","AC","S","Annual",2014,0,559.17,0.11,7,0,-6.81134449373378,0
"AC.1-1","AC","S","Annual",2015,0,559.17,0.11,8,0,-6.81134449373378,0
"AC.1-10","AC","S","Annual",2008,35.11,1255.83,2.8,1,2.8,-3.54715129428524,0.168122894296216
"AC.1-10","AC","S","Annual",2009,49.05,1255.19,3.91,2,3.91,-3.2017478782919,0.199049001582437
"AC.1-10","AC","S","Annual",2012,75.77,1255.75,6.03,5,6.03,-2.74622857165588,0.24809793988047
"AC.1-10","AC","S","Annual",2013,70.73,1255.24,5.63,6,5.63,-2.81911378388164,0.239561024900468
"AC.1-10","AC","S","Annual",2014,83.07,1255.19,6.62,7,6.62,-2.64658181959387,0.260220470998024
"AC.1-10","AC","S","Annual",2015,91.29,1255.01,7.27,8,7.27,-2.54593575326671,0.273008131657602
"AC.1-11","AC","S","Annual",2008,4.51,816.51,0.55,1,0.55,-5.1974920060556,0.0742301354983299
"AC.1-11","AC","S","Annual",2009,0,815.32,0.11,2,0,-6.81134449373378,0
"AC.1-11","AC","S","Annual",2012,0,816.44,0.11,5,0,-6.81134449373378,0
"AC.1-11","AC","S","Annual",2013,7.67,816.35,0.94,6,0.94,-4.65760113087818,0.0971061372468437
"AC.1-11","AC","S","Annual",2014,7.1,815.08,0.87,7,0.87,-4.73569418737831,0.0934095697775001
"AC.1-11","AC","S","Annual",2015,2.88,816.38,0.35,8,0.35,-5.65148617115748,0.0591953627638885
"AC.1-12","AC","S","Annual",2008,428.92,1314.13,32.64,1,32.64,-0.724512839838165,0.608106309608795
"AC.1-12","AC","S","Annual",2009,277.6,1314.13,21.12,2,21.12,-1.31770725145632,0.47750536425453
"AC.1-12","AC","S","Annual",2012,344.91,1313.82,26.25,5,26.25,-1.0330150061823,0.537916147539001
"AC.1-12","AC","S","Annual",2013,501,1313.81,38.13,6,38.13,-0.484034035673425,0.665553935592177
"AC.1-12","AC","S","Annual",2015,363.5,1313.21,27.68,8,27.68,-0.960390585334452,0.554029069289983
"AC.1-13","AC","S","Annual",2008,149.95,1622.82,9.24,1,9.24,-2.28467677425805,0.308860949835224
"AC.1-13","AC","S","Annual",2009,220.64,1622.87,13.6,2,13.6,-1.848917883068,0.377698081518681
"AC.1-13","AC","S","Annual",2012,304.07,1622.7,18.74,5,18.74,-1.4669936137493,0.44770428126307
"AC.1-13","AC","S","Annual",2013,248.53,1622.62,15.32,6,15.32,-1.70972028195422,0.402160860385373
"AC.1-13","AC","S","Annual",2014,260.83,1622.69,16.07,7,16.07,-1.65302893834531,0.412470706098494
"AC.1-13","AC","S","Annual",2015,294.03,1622.7,18.12,8,18.12,-1.50823846017826,0.439708744467233
"AC.1-14","AC","S","Annual",2008,1.68,780.06,0.22,1,0.22,-6.11709549506267,0.0469213728378925
"AC.1-14","AC","S","Annual",2009,45,780.53,5.77,2,5.77,-2.79306652169866,0.242580369301305
"AC.1-14","AC","S","Annual",2012,28.85,781.06,3.69,5,3.69,-3.26194569752034,0.193295162291148
"AC.1-14","AC","S","Annual",2013,1.82,780.35,0.23,6,0.23,-6.07254350698436,0.0479767183075185
"AC.1-14","AC","S","Annual",2014,16.38,780.57,2.1,7,2.1,-3.84200920480709,0.145425819453369
"AC.1-14","AC","S","Annual",2015,24.19,780.22,3.1,8,3.1,-3.44227740740562,0.176990783486236
"AC.1-15","AC","S","Annual",2008,148.66,1448,10.27,1,10.27,-2.1675781373695,0.326223932767174
"AC.1-15","AC","S","Annual",2009,120.49,1448.06,8.32,2,8.32,-2.39964199813331,0.292601474867302
"AC.1-15","AC","S","Annual",2012,190.47,1447.26,13.16,5,13.16,-1.88688541911292,0.371235603911135
"AC.1-15","AC","S","Annual",2013,179.15,1447.28,12.38,6,12.38,-1.9569270151293,0.359549142854475
"AC.1-15","AC","S","Annual",2015,200.84,1447.36,13.88,8,13.88,-1.8252927174175,0.381764715854349
"AC.1-16","AC","S","Annual",2008,97.93,1262.93,7.75,1,7.75,-2.47680943955538,0.282115579863791
"AC.1-16","AC","S","Annual",2009,108.86,1262.72,8.62,2,8.62,-2.36094155145952,0.297988933468874
"AC.1-16","AC","S","Annual",2012,118.5,1262.36,9.39,5,9.39,-2.2669192890138,0.311441459087718
"AC.1-16","AC","S","Annual",2013,112.31,1261.94,8.9,6,8.9,-2.32590652752782,0.302941113807717
"AC.1-16","AC","S","Annual",2014,128.49,1260.86,10.19,7,10.19,-2.17628948044822,0.324903983195003
"AC.1-16","AC","S","Annual",2015,126.33,1262.05,10.01,8,10.01,-2.19611395971873,0.321917184045807
"AC.1-17","AC","S","Annual",2008,29.92,889.61,3.36,1,3.36,-3.35905176021139,0.18434536307898
"AC.1-17","AC","S","Annual",2009,33.18,889.61,3.73,2,3.73,-3.25074851013415,0.194353328739217
"AC.1-17","AC","S","Annual",2012,19.79,888.73,2.23,5,2.23,-3.78061619604555,0.149892506585065
"AC.1-17","AC","S","Annual",2013,39.6,889.48,4.45,6,4.45,-3.06674557450813,0.21254696456849
"AC.1-17","AC","S","Annual",2014,39.73,888.78,4.47,7,4.47,-3.06205192565644,0.213031404815819
"AC.1-17","AC","S","Annual",2015,23.55,889.84,2.65,8,2.65,-3.60375309182008,0.163515898785264
"AC.1-18","AC","S","Annual",2008,235.71,1236.67,19.06,1,19.06,-1.44611624122166,0.451791069653181
"AC.1-18","AC","S","Annual",2009,265.41,1236.67,21.46,2,21.46,-1.29741731194731,0.48165824275172
"AC.1-18","AC","S","Annual",2012,204.39,1236.38,16.53,5,16.53,-1.61931037402971,0.418697738434194
"AC.1-18","AC","S","Annual",2013,290.7,1236.38,23.51,6,23.51,-1.1797341507818,0.506215796893257
"AC.1-18","AC","S","Annual",2015,363.15,1236.05,29.38,8,29.38,-0.876999219754509,0.572854685654603
"AC.1-19","AC","S","Annual",2008,36.36,1397.78,2.6,1,2.6,-3.62331476562105,0.161952187902482
"AC.1-19","AC","S","Annual",2009,37,1397.8,2.65,2,2.65,-3.60375309182008,0.163515898785264
"AC.1-19","AC","S","Annual",2012,43.12,1397.68,3.09,5,3.09,-3.4456116218368,0.176702070230929
"AC.1-19","AC","S","Annual",2013,50.44,1397.63,3.61,6,3.61,-3.28469468945109,0.19116214653106
"AC.1-19","AC","S","Annual",2014,76.99,1397.55,5.51,7,5.51,-2.84192938562971,0.236944802067397
"AC.1-19","AC","S","Annual",2015,84.8,1397.44,6.07,8,6.07,-2.73919121893502,0.2489368288547
"AC.1-2","AC","S","Annual",2007,72.25,1401.83,5.15,0,5.15,-2.91329998170538,0.228930558750559
"AC.1-2","AC","S","Annual",2008,126.18,1401.84,9,1,9,-2.31363492918063,0.304692654015398
"AC.1-2","AC","S","Annual",2009,96.32,1401.93,6.87,2,6.87,-2.60683226029931,0.265204732481408
"AC.1-2","AC","S","Annual",2012,110.61,1401.75,7.89,5,7.89,-2.45738738014236,0.284722816480748
"AC.1-2","AC","S","Annual",2013,105.08,1401.71,7.5,6,7.5,-2.51230562397611,0.277405516490036
"AC.1-2","AC","S","Annual",2014,146.98,1401.22,10.49,7,10.49,-2.14392792847464,0.329830526689163
"AC.1-2","AC","S","Annual",2015,132.7,1401.21,9.47,8,9.47,-2.25755238028936,0.31281017362713
"AC.1-20","AC","S","Annual",2008,2.2,845.56,0.26,1,0.26,-5.94964044808459,0.0510123167792624
"AC.1-20","AC","S","Annual",2009,5.81,846.85,0.69,2,0.69,-4.9693099523061,0.0831620626363402
"AC.1-20","AC","S","Annual",2012,8.37,846.05,0.99,5,0.99,-4.60527119098793,0.0996636523674058
"AC.1-20","AC","S","Annual",2013,0,846.43,0.11,6,0,-6.81134449373378,0
"AC.1-20","AC","S","Annual",2014,0,846.24,0.11,7,0,-6.81134449373378,0
"AC.1-20","AC","S","Annual",2015,7.94,847.42,0.94,8,0.94,-4.65760113087818,0.0971061372468437
"AC.1-3","AC","S","Annual",2007,0,960.03,0.11,0,0,-6.81134449373378,0
"AC.1-3","AC","S","Annual",2008,0,960.03,0.11,1,0,-6.81134449373378,0
"AC.1-3","AC","S","Annual",2009,0,959.61,0.11,2,0,-6.81134449373378,0
"AC.1-3","AC","S","Annual",2012,0,959.84,0.11,5,0,-6.81134449373378,0
"AC.1-3","AC","S","Annual",2013,1.06,960.39,0.11,6,0.11,-6.81134449373378,0.0331723313941455
"AC.1-3","AC","S","Annual",2014,8.29,959.88,0.86,7,0.86,-4.74735588232701,0.0928696238764644
"AC.1-3","AC","S","Annual",2015,6.29,959.92,0.66,8,0.66,-5.01406375364087,0.0813300149285429
"AC.1-4","AC","S","Annual",2007,267.35,1318.66,20.27,0,20.27,-1.3695039660505,0.467014134349495
"AC.1-4","AC","S","Annual",2008,508.02,1318.56,38.53,1,38.53,-0.467112092280852,0.669667563904629
"AC.1-4","AC","S","Annual",2009,253.53,1318.56,19.23,2,19.23,-1.43513404985352,0.453951492497295
"AC.1-4","AC","S","Annual",2012,399.27,1318.25,30.29,5,30.29,-0.833526154459161,0.582799563234807
"AC.1-4","AC","S","Annual",2013,394.78,1318.21,29.95,6,29.95,-0.849679948221558,0.579094065576264
"AC.1-4","AC","S","Annual",2014,377.83,1318.25,28.66,7,28.66,-0.91195475753072,0.564922492643136
"AC.1-4","AC","S","Annual",2015,272.24,1318.24,20.65,8,20.65,-1.34615312756538,0.471724039720267
"AC.1-5","AC","S","Annual",2007,37.82,1095.11,3.45,0,3.45,-3.33168677783125,0.186826700947385
"AC.1-5","AC","S","Annual",2008,44.43,1095.1,4.06,1,4.06,-3.16254002246028,0.20288339164225
"AC.1-5","AC","S","Annual",2009,46.18,1094.64,4.22,2,4.22,-3.12221876686654,0.206899365083031
"AC.1-5","AC","S","Annual",2012,48.38,1094.93,4.42,5,4.42,-3.07382389706041,0.211818353745598
"AC.1-5","AC","S","Annual",2013,44.8,1094.85,4.09,6,4.09,-3.15486528168515,0.203642077982077
"AC.1-5","AC","S","Annual",2014,49.45,1093.96,4.52,7,4.52,-3.05040480762649,0.214238005970188
"AC.1-5","AC","S","Annual",2015,44.76,1095.21,4.09,8,4.09,-3.15486528168515,0.203642077982077
"AC.1-6","AC","S","Annual",2008,176.89,1258.42,14.06,1,14.06,-1.81031549196433,0.384360815832915
"AC.1-6","AC","S","Annual",2009,215.72,1259.04,17.13,2,17.13,-1.57644180252492,0.426716577110513
"AC.1-6","AC","S","Annual",2012,178.26,1258.77,14.16,5,14.16,-1.80206401005687,0.385797084947395
"AC.1-6","AC","S","Annual",2013,193.18,1258.6,15.35,6,15.35,-1.70740963454594,0.402577151805361
"AC.1-6","AC","S","Annual",2015,197.53,1258.74,15.69,8,15.69,-1.68147691518964,0.407272113422409
"AC.1-7","AC","S","Annual",2008,7.07,1377.5,0.51,1,0.51,-5.27340168986503,0.0714751261628692
"AC.1-7","AC","S","Annual",2009,5.53,1377.5,0.4,2,0.4,-5.51745289646471,0.0632877929813619
"AC.1-7","AC","S","Annual",2012,8.38,1377.28,0.61,5,0.61,-5.09334782679469,0.0781821197233669
"AC.1-7","AC","S","Annual",2013,7.16,1377.22,0.52,6,0.52,-5.25388308634187,0.0721736684268068
"AC.1-7","AC","S","Annual",2014,56.08,1377.14,4.07,7,4.07,-3.15997575937535,0.20313658439434
"AC.1-7","AC","S","Annual",2015,13.76,1377.21,1,8,1,-4.59511985013459,0.10016742116156
"AC.1-8","AC","S","Annual",2008,13.8,773.99,1.78,1,1.78,-4.0105964963071,0.133815647724716
"AC.1-8","AC","S","Annual",2009,13.22,773.75,1.71,2,1.71,-4.05142892206397,0.131142551517907
"AC.1-8","AC","S","Annual",2012,5.46,773.76,0.71,5,0.71,-4.94053516999228,0.0843615270952879
"AC.1-8","AC","S","Annual",2013,8.49,773.77,1.1,6,1.1,-4.49879905882434,0.105074124512229
"AC.1-8","AC","S","Annual",2014,7.39,773.51,0.96,7,0.96,-4.63634580345654,0.0981370381851667
"AC.1-8","AC","S","Annual",2015,10.17,773.79,1.31,8,1.31,-4.32195648697086,0.114706610059477
"AC.1-9","AC","S","Annual",2008,118.01,1508.26,7.82,1,7.82,-2.46705863273514,0.28342186803419
"AC.1-9","AC","S","Annual",2009,125,1509,8.28,2,8.28,-2.40489748959254,0.291876527327422
"AC.1-9","AC","S","Annual",2012,145.71,1509.36,9.65,5,9.65,-2.23673310168734,0.315870993783429
"AC.1-9","AC","S","Annual",2013,163.31,1509.1,10.82,6,10.82,-2.109260525781,0.33517843878589
"AC.1-9","AC","S","Annual",2014,165.43,1508.76,10.96,7,10.96,-2.09483342544742,0.337425541747473
"AC.1-9","AC","S","Annual",2015,168.24,1508.94,11.15,8,11.15,-2.07551005669453,0.340455155062697
"AC.2-1","AC","S","Alternating",2007,34.32,760.05,4.52,0,4.52,-3.05040480762649,0.214238005970188
"AC.2-1","AC","S","Alternating",2014,37.04,758.61,4.88,7,4.88,-2.96999403251747,0.222744573781134
"AC.2-2","AC","S","Alternating",2007,487.34,1510.45,32.26,0,32.26,-0.741848774692563,0.604048092585594
"AC.2-2","AC","S","Alternating",2014,500.98,1510.22,33.17,7,33.17,-0.700506228564018,0.61374623117666
"AC.2-3","AC","S","Alternating",2007,404.87,1555.39,26.03,0,26.03,-1.0444098865933,0.535412713823991
"AC.2-3","AC","S","Alternating",2014,330.43,1554.34,21.26,7,21.26,-1.30932391260179,0.479218305343049
"AC.2-4","AC","S","Alternating",2007,53.64,756.85,7.09,0,7.09,-2.57294594210919,0.269521808452727
"AC.2-4","AC","S","Alternating",2014,54.18,755.78,7.17,7,7.17,-2.56086420880031,0.27107626696292
"AC.2-5","AC","S","Alternating",2007,99.5,1512.84,6.58,0,6.58,-2.65307070973674,0.259414934788141
"AC.2-5","AC","S","Alternating",2014,163.96,1510.44,10.86,7,10.86,-2.10512185301262,0.33582176388741
"AC.3-1","AC","S","Alternating",2008,148.32,1307.91,11.34,1,11.34,-2.0564725310173,0.343462277221189
"AC.3-1","AC","S","Alternating",2015,179.29,1307.45,13.71,8,13.71,-1.83958822294599,0.379299847442663
"AC.3-2","AC","S","Alternating",2008,3.18,834.77,0.38,1,0.38,-5.56894697390684,0.0616832482303766
"AC.3-2","AC","S","Alternating",2009,0,834.91,0.11,2,0,-6.81134449373378,0
"AC.3-2","AC","S","Alternating",2015,5.98,835.07,0.72,8,0.72,-4.92644820786839,0.0849549684474717
"AC.3-4","AC","S","Alternating",2008,150.77,1628.14,9.26,1,9.26,-2.28229422557773,0.309206098244837
"AC.3-4","AC","S","Alternating",2015,348.68,1627.96,21.42,8,21.42,-1.29979214911071,0.481170919750789
"AC.3-5","AC","S","Alternating",2008,22.67,869.35,2.61,1,2.61,-3.61937331463851,0.162266092738235
"AC.3-5","AC","S","Alternating",2009,25.2,869.91,2.9,2,2.9,-3.51103063830485,0.171127881106763
"AC.3-5","AC","S","Alternating",2015,15.05,869.22,1.73,8,1.73,-4.03959738386465,0.131911690842981
"AC.1-1","AC","T","Annual",2007,559.17,559.17,99.86,0,100,6.56988206144529,1.5707963267949
"AC.1-1","AC","T","Annual",2008,559.17,559.17,99.86,1,100,6.56988206144529,1.5707963267949
"AC.1-1","AC","T","Annual",2009,560,560,99.86,2,100,6.56988206144529,1.5707963267949
"AC.1-1","AC","T","Annual",2012,516.28,558.73,92.4,5,92.4,2.49797873135535,1.29149826912561
"AC.1-1","AC","T","Annual",2013,559.37,559.37,99.86,6,100,6.56988206144529,1.5707963267949
"AC.1-1","AC","T","Annual",2014,559.17,559.17,99.86,7,100,6.56988206144529,1.5707963267949
"AC.1-1","AC","T","Annual",2015,559.17,559.17,99.86,8,100,6.56988206144529,1.5707963267949
"AC.1-11","AC","T","Annual",2008,543.71,816.51,66.59,1,66.59,0.689699159753866,0.954503678620982
"AC.1-11","AC","T","Annual",2009,529.36,815.32,64.93,2,64.93,0.615963702368309,0.937010860016508
"AC.1-11","AC","T","Annual",2012,536.95,816.44,65.77,5,65.77,0.653061354771166,0.945837232968981
"AC.1-11","AC","T","Annual",2013,544.1,816.35,66.65,6,66.65,0.692397274263085,0.955139852472694
"AC.1-11","AC","T","Annual",2014,545.56,815.08,66.93,7,66.93,0.70502077011885,0.958112468120747
"AC.1-11","AC","T","Annual",2015,537.8,816.38,65.88,8,65.88,0.657951182685961,0.946996846098205
"AC.1-12","AC","T","Annual",2008,320.63,1314.13,24.4,1,24.4,-1.13087315088633,0.516642409832622
"AC.1-12","AC","T","Annual",2009,506.15,1314.13,38.52,2,38.52,-0.46753433174047,0.669564821574072
"AC.1-12","AC","T","Annual",2012,538.44,1313.82,40.98,5,40.98,-0.36479222670404,0.694701609283519
"AC.1-12","AC","T","Annual",2013,367.05,1313.81,27.94,6,27.94,-0.947439751491131,0.556930454511667
"AC.1-12","AC","T","Annual",2015,556.68,1313.21,42.39,8,42.39,-0.306783678379746,0.70900125040195
"AC.1-13","AC","T","Annual",2008,571.79,1622.82,35.23,1,35.23,-0.60894454084168,0.635461075430921
"AC.1-13","AC","T","Annual",2009,449.32,1622.87,27.69,2,27.69,-0.95989109500399,0.554140815691485
"AC.1-13","AC","T","Annual",2012,384.69,1622.7,23.71,5,23.71,-1.16864496802482,0.508570491655102
"AC.1-13","AC","T","Annual",2013,455.94,1622.62,28.1,6,28.1,-0.939506688387301,0.558711809175266
"AC.1-13","AC","T","Annual",2014,447.55,1622.69,27.58,7,27.58,-0.965391631972339,0.552910918347993
"AC.1-13","AC","T","Annual",2015,437.57,1622.7,26.97,8,26.97,-0.99614517848038,0.54606263626245
"AC.1-14","AC","T","Annual",2008,300.46,780.06,38.52,1,38.52,-0.46753433174047,0.669564821574072
"AC.1-14","AC","T","Annual",2009,250,780.53,32.03,2,32.03,-0.75239346773748,0.601585736658893
"AC.1-14","AC","T","Annual",2012,329,781.06,42.12,5,42.12,-0.317849214497508,0.706268260021012
"AC.1-14","AC","T","Annual",2013,318.55,780.35,40.82,6,40.82,-0.371411489590365,0.693074432257356
"AC.1-14","AC","T","Annual",2014,310.19,780.57,39.74,7,39.74,-0.416310296578484,0.682064137692979
"AC.1-14","AC","T","Annual",2015,305.54,780.22,39.16,8,39.16,-0.440591649728783,0.676130509560661
"AC.1-15","AC","T","Annual",2008,460.54,1448,31.81,1,31.81,-0.762517220771509,0.599226062398713
"AC.1-15","AC","T","Annual",2009,519.25,1448.06,35.86,2,35.86,-0.581445726088022,0.64204215256204
"AC.1-15","AC","T","Annual",2012,515.54,1447.26,35.62,5,35.62,-0.591895748009146,0.639538153362283
"AC.1-15","AC","T","Annual",2013,523.8,1447.28,36.19,6,36.19,-0.567127080304605,0.645479139444404
"AC.1-15","AC","T","Annual",2015,535.04,1447.36,36.97,8,36.97,-0.533504030576478,0.653576351045494
"AC.1-16","AC","T","Annual",2008,0,1262.93,0.14,1,0,-6.5698820614453,0
"AC.1-16","AC","T","Annual",2009,0,1262.72,0.14,2,0,-6.5698820614453,0
"AC.1-16","AC","T","Annual",2012,11.01,1262.36,0.87,5,0.87,-4.73569418737831,0.0934095697775001
"AC.1-16","AC","T","Annual",2013,8.85,1261.94,0.7,6,0.7,-4.95482051498986,0.0837639217496668
"AC.1-16","AC","T","Annual",2014,1.71,1260.86,0.14,7,0.14,-6.5698820614453,0.0374253099064661
"AC.1-16","AC","T","Annual",2015,0,1262.05,0.14,8,0,-6.5698820614453,0
"AC.1-17","AC","T","Annual",2008,610.41,889.61,68.62,1,68.62,0.782413290125417,0.97619500770306
"AC.1-17","AC","T","Annual",2009,608.92,889.61,68.45,2,68.45,0.774529962747236,0.974364594214359
"AC.1-17","AC","T","Annual",2012,619.83,888.73,69.74,5,69.74,0.834947332887295,0.988323242321132
"AC.1-17","AC","T","Annual",2013,616.28,889.48,69.29,6,69.29,0.813712261186559,0.983435561738849
"AC.1-17","AC","T","Annual",2014,621.15,888.78,69.89,7,69.89,0.842065234995395,0.98995701490263
"AC.1-17","AC","T","Annual",2015,617.54,889.84,69.4,8,69.4,0.818886858554424,0.984628463309531
"AC.1-18","AC","T","Annual",2008,406.36,1236.67,32.86,1,32.86,-0.714523878942767,0.610450222391546
"AC.1-18","AC","T","Annual",2009,445.89,1236.67,36.06,2,36.06,-0.572760925856524,0.644125995065139
"AC.1-18","AC","T","Annual",2012,563.7,1236.38,45.59,5,45.59,-0.176859566272484,0.741240784893107
"AC.1-18","AC","T","Annual",2013,450.52,1236.38,36.44,6,36.44,-0.556317269276758,0.648078395234106
"AC.1-18","AC","T","Annual",2015,436.59,1236.05,35.32,8,35.32,-0.605002658973147,0.636402841535386
"AC.1-19","AC","T","Annual",2008,248.86,1397.78,17.8,1,17.8,-1.52995684476409,0.435540454942977
"AC.1-19","AC","T","Annual",2009,250,1397.8,17.89,2,17.89,-1.52381791420007,0.43671572466878
"AC.1-19","AC","T","Annual",2012,258.71,1397.68,18.51,5,18.51,-1.48216918674672,0.444750311393835
"AC.1-19","AC","T","Annual",2013,260.44,1397.63,18.63,6,18.63,-1.47423347009507,0.44629326756991
"AC.1-19","AC","T","Annual",2014,245.02,1397.55,17.53,7,17.53,-1.54852089191212,0.432000582883339
"AC.1-19","AC","T","Annual",2015,236.04,1397.44,16.89,8,16.89,-1.59344330074523,0.423522696682292
"AC.1-2","AC","T","Annual",2007,511.3,1401.83,36.47,0,36.47,-0.555022230457853,0.648390048745507
"AC.1-2","AC","T","Annual",2008,463.97,1401.84,33.1,1,33.1,-0.703665684751166,0.613002655477979
"AC.1-2","AC","T","Annual",2009,527.86,1401.93,37.65,2,37.65,-0.504430717880143,0.660606612457069
"AC.1-2","AC","T","Annual",2012,521.89,1401.75,37.23,5,37.23,-0.522362364444815,0.656267462663183
"AC.1-2","AC","T","Annual",2013,512.83,1401.71,36.59,6,36.59,-0.549846598680825,0.649636118354406
"AC.1-2","AC","T","Annual",2014,533.7,1401.22,38.09,7,38.09,-0.485729937040628,0.66514212236249
"AC.1-2","AC","T","Annual",2015,546.66,1401.21,39.01,8,39.01,-0.4468918927898,0.674593437325932
"AC.1-20","AC","T","Annual",2008,389.19,845.56,46.03,1,46.03,-0.159134978801401,0.745656330762179
"AC.1-20","AC","T","Annual",2009,389.85,846.85,46.04,2,46.04,-0.158732447485873,0.745756646677607
"AC.1-20","AC","T","Annual",2012,391.69,846.05,46.3,5,46.3,-0.148271040422631,0.748364311245784
"AC.1-20","AC","T","Annual",2013,392.06,846.43,46.32,6,46.32,-0.147466659398687,0.748564858126075
"AC.1-20","AC","T","Annual",2014,392.84,846.24,46.42,7,46.42,-0.143445463270172,0.74956750414055
"AC.1-20","AC","T","Annual",2015,392.28,847.42,46.29,8,46.29,-0.148673248874189,0.748264035569328
"AC.1-3","AC","T","Annual",2007,583.57,960.03,60.79,0,60.79,0.438493485456391,0.894153693681834
"AC.1-3","AC","T","Annual",2008,582.88,960.03,60.71,1,60.71,0.435138395571974,0.893334536816754
"AC.1-3","AC","T","Annual",2009,581.08,959.61,60.55,2,60.55,0.428435422707218,0.891697103144061
"AC.1-3","AC","T","Annual",2012,583.02,959.84,60.74,5,60.74,0.436396270769288,0.893641686030745
"AC.1-3","AC","T","Annual",2013,582.01,960.39,60.6,6,60.6,0.430529076771381,0.892208675970696
"AC.1-3","AC","T","Annual",2014,589.07,959.88,61.37,7,61.37,0.462891939722816,0.900101612405144
"AC.1-3","AC","T","Annual",2015,588.15,959.92,61.27,8,61.27,0.458675833210902,0.899074954425109
"AC.1-4","AC","T","Annual",2007,502.69,1318.66,38.12,0,38.12,-0.484457946918864,0.665450990067099
"AC.1-4","AC","T","Annual",2008,260.63,1318.56,19.77,1,19.77,-1.40073187258304,0.46076636690519
"AC.1-4","AC","T","Annual",2009,512.82,1318.56,38.89,2,38.89,-0.451938370739168,0.67336301327481
"AC.1-4","AC","T","Annual",2012,433.6,1318.25,32.89,5,32.89,-0.713164403969182,0.610769535126272
"AC.1-4","AC","T","Annual",2013,406.4,1318.21,30.83,6,30.83,-0.808079000714434,0.588660756585394
"AC.1-4","AC","T","Annual",2014,483.73,1318.25,36.69,7,36.69,-0.545539056188845,0.6506738493375
"AC.1-4","AC","T","Annual",2015,586.89,1318.24,44.52,8,44.52,-0.220084069039287,0.730487855020778
"AC.1-5","AC","T","Annual",2007,355.63,1095.11,32.47,0,32.47,-0.732255357471996,0.606292316914732
"AC.1-5","AC","T","Annual",2008,344.64,1095.1,31.47,1,31.47,-0.778236894521417,0.595570694645362
"AC.1-5","AC","T","Annual",2009,355.95,1094.64,32.52,2,32.52,-0.729975972998157,0.606826098757295
"AC.1-5","AC","T","Annual",2012,359.4,1094.93,32.82,5,32.82,-0.716337498522202,0.610024356266479
"AC.1-5","AC","T","Annual",2013,356.44,1094.85,32.56,6,32.56,-0.72815377255926,0.607252971153161
"AC.1-5","AC","T","Annual",2014,357.74,1093.96,32.7,7,32.7,-0.721785158747474,0.60874595963497
"AC.1-5","AC","T","Annual",2015,365.15,1095.21,33.34,8,33.34,-0.692847195556946,0.615550417581063
"AC.1-6","AC","T","Annual",2008,526.16,1258.42,41.81,1,41.81,-0.330577973300105,0.703127434140439
"AC.1-6","AC","T","Annual",2009,510.28,1259.04,40.53,2,40.53,-0.383429543078285,0.690122638249164
"AC.1-6","AC","T","Annual",2012,613.64,1258.77,48.75,5,48.75,-0.0500104205746614,0.772896860947768
"AC.1-6","AC","T","Annual",2013,584.52,1258.6,46.44,6,46.44,-0.142641363993281,0.749768015895422
"AC.1-6","AC","T","Annual",2015,589.81,1258.74,46.86,8,46.86,-0.125765507252018,0.753977487252522
"AC.1-7","AC","T","Annual",2008,213.91,1377.5,15.53,1,15.53,-1.69362280457881,0.405067947209993
"AC.1-7","AC","T","Annual",2009,213.78,1377.5,15.52,2,15.52,-1.69438530520288,0.404929880141176
"AC.1-7","AC","T","Annual",2012,232.82,1377.28,16.9,5,16.9,-1.59273107993237,0.423656134009299
"AC.1-7","AC","T","Annual",2013,230.04,1377.22,16.7,6,16.7,-1.60703982975009,0.420981370196514
"AC.1-7","AC","T","Annual",2014,206.47,1377.14,14.99,7,14.99,-1.73538558451476,0.397559367857029
"AC.1-7","AC","T","Annual",2015,236.03,1377.21,17.14,8,17.14,-1.57573752347962,0.426849268391515
"AC.1-8","AC","T","Annual",2008,303.61,773.99,39.23,1,39.23,-0.437654485925803,0.676847450047179
"AC.1-8","AC","T","Annual",2009,301.6,773.75,38.98,2,38.98,-0.448152985209109,0.674285895570561
"AC.1-8","AC","T","Annual",2012,308.41,773.76,39.86,5,39.86,-0.411301862775734,0.6832899150415
"AC.1-8","AC","T","Annual",2013,308.55,773.77,39.88,6,39.88,-0.410467619791136,0.683494150565357
"AC.1-8","AC","T","Annual",2014,308.95,773.51,39.94,7,39.94,-0.407965734567515,0.684106753847711
"AC.1-8","AC","T","Annual",2015,309.31,773.79,39.97,8,39.97,-0.40671526454052,0.684412997626262
"AC.1-9","AC","T","Annual",2008,268.69,1508.26,17.81,1,17.81,-1.52927354285884,0.435671155163185
"AC.1-9","AC","T","Annual",2009,299,1509,19.81,2,19.81,-1.39821195810848,0.461268354390379
"AC.1-9","AC","T","Annual",2012,314.26,1509.36,20.82,5,20.82,-1.33580967849116,0.473820694794406
"AC.1-9","AC","T","Annual",2013,215.01,1509.1,14.25,6,14.25,-1.79467917933139,0.387086110139428
"AC.1-9","AC","T","Annual",2014,297.85,1508.76,19.74,7,19.74,-1.40262433083344,0.460389625130356
"AC.1-9","AC","T","Annual",2015,301.34,1508.94,19.97,8,19.97,-1.38817041695123,0.463272503437487
"AC.2-1","AC","T","Alternating",2007,296.18,760.05,38.97,0,38.97,-0.448573427205786,0.674183372159015
"AC.2-1","AC","T","Alternating",2014,303.7,758.61,40.03,7,40.03,-0.404215264175936,0.685025370105015
"AC.2-2","AC","T","Alternating",2007,428.32,1510.45,28.36,0,28.36,-0.926673875528584,0.561599944028925
"AC.2-2","AC","T","Alternating",2014,449.04,1510.22,29.73,7,29.73,-0.8601883281941,0.576689984291592
"AC.2-3","AC","T","Alternating",2007,268.88,1555.39,17.29,0,17.29,-1.56521221400862,0.428835970969922
"AC.2-3","AC","T","Alternating",2014,295.73,1554.34,19.03,7,19.03,-1.44806203438996,0.451409055931948
"AC.2-4","AC","T","Alternating",2007,343.66,756.85,45.41,0,45.41,-0.184118370683807,0.73943344929725
"AC.2-4","AC","T","Alternating",2014,351.68,755.78,46.53,7,46.53,-0.139023483104083,0.750670248237434
"AC.2-5","AC","T","Alternating",2007,312.9,1512.84,20.68,0,20.68,-1.34432325401137,0.472094499587534
"AC.2-5","AC","T","Alternating",2014,339.58,1510.44,22.48,7,22.48,-1.23790994255702,0.493976532939495
"AC.3-1","AC","T","Alternating",2008,0,1307.91,0.14,1,0,-6.5698820614453,0
"AC.3-1","AC","T","Alternating",2015,4.79,1307.45,0.37,8,0.37,-5.59571559740063,0.0608651982645798
"AC.3-2","AC","T","Alternating",2008,603.26,834.77,72.27,1,72.27,0.957894245667203,1.0162086499053
"AC.3-2","AC","T","Alternating",2009,604.82,834.91,72.44,2,72.44,0.966393186869755,1.01810918901947
"AC.3-2","AC","T","Alternating",2015,594.31,835.07,71.17,8,71.17,0.903654869660869,1.00399568308493
"AC.3-3","AC","T","Alternating",2008,544.64,544.64,99.86,1,100,6.56988206144529,1.5707963267949
"AC.3-3","AC","T","Alternating",2015,544.64,544.64,99.86,8,100,6.56988206144529,1.5707963267949
"AC.3-4","AC","T","Alternating",2008,517.33,1628.14,31.77,1,31.77,-0.764361902545908,0.598796564813498
"AC.3-4","AC","T","Alternating",2015,337.58,1627.96,20.74,8,20.74,-1.34066938496091,0.472834824046981
"AC.3-5","AC","T","Alternating",2008,554.9,869.35,63.83,1,63.83,0.567993253303959,0.925525294654343
"AC.3-5","AC","T","Alternating",2009,557.39,869.91,64.07,2,64.07,0.578403634525502,0.928024540067488
"AC.3-5","AC","T","Alternating",2015,555.62,869.22,63.92,8,63.92,0.571893606263596,0.926462086730794
"AC.1-1","AC","D","Annual",2007,0,559.17,0.06,0,0,-7.41798072267609,0
"AC.1-1","AC","D","Annual",2008,0,559.17,0.06,1,0,-7.41798072267609,0
"AC.1-1","AC","D","Annual",2009,0,560,0.06,2,0,-7.41798072267609,0
"AC.1-1","AC","D","Annual",2012,0.34,558.73,0.06,5,0.06,-7.41798072267609,0.0244973475791731
"AC.1-1","AC","D","Annual",2013,0,559.37,0.06,6,0,-7.41798072267609,0
"AC.1-1","AC","D","Annual",2014,0,559.17,0.06,7,0,-7.41798072267609,0
"AC.1-1","AC","D","Annual",2015,0,559.17,0.06,8,0,-7.41798072267609,0
"AC.1-10","AC","D","Annual",2008,9.44,1255.83,0.75,1,0.75,-4.88532399201908,0.0867111605478023
"AC.1-10","AC","D","Annual",2009,9.05,1255.19,0.72,2,0.72,-4.92644820786839,0.0849549684474717
"AC.1-10","AC","D","Annual",2012,9.68,1255.75,0.77,5,0.77,-4.85880515206056,0.0878626479154669
"AC.1-10","AC","D","Annual",2013,9.28,1255.24,0.74,6,0.74,-4.89884776294322,0.0861297028769566
"AC.1-10","AC","D","Annual",2014,8.75,1255.19,0.7,7,0.7,-4.95482051498986,0.0837639217496668
"AC.1-10","AC","D","Annual",2015,8.45,1255.01,0.67,8,0.67,-4.99892520682439,0.0819452075091184
"AC.1-11","AC","D","Annual",2008,8.38,816.51,1.03,1,1.03,-4.56525797166706,0.101663950797234
"AC.1-11","AC","D","Annual",2009,9.81,815.32,1.2,2,1.2,-4.41077604795987,0.109764792124965
"AC.1-11","AC","D","Annual",2012,9.7,816.44,1.19,5,1.19,-4.41924550708343,0.109304644130715
"AC.1-11","AC","D","Annual",2013,10.65,816.35,1.3,6,1.3,-4.32972068197194,0.114266036973812
"AC.1-11","AC","D","Annual",2014,9.89,815.08,1.21,7,1.21,-4.40237602544773,0.110223049987747
"AC.1-11","AC","D","Annual",2015,17.82,816.38,2.18,8,2.18,-3.80380417831021,0.148190017784593
"AC.1-12","AC","D","Annual",2008,15.81,1314.13,1.2,1,1.2,-4.41077604795987,0.109764792124965
"AC.1-12","AC","D","Annual",2009,14.06,1314.13,1.07,2,1.07,-4.52675388086132,0.103626167681237
"AC.1-12","AC","D","Annual",2012,14.03,1313.82,1.07,5,1.07,-4.52675388086132,0.103626167681237
"AC.1-12","AC","D","Annual",2013,14.37,1313.81,1.09,6,1.09,-4.5080326495107,0.104593667048038
"AC.1-12","AC","D","Annual",2015,15.55,1313.21,1.18,8,1.18,-4.42778557494003,0.10884258202752
"AC.1-13","AC","D","Annual",2008,16.5,1622.82,1.02,1,1.02,-4.57511518222756,0.101167533850085
"AC.1-13","AC","D","Annual",2009,15.89,1622.87,0.98,2,0.98,-4.6155245572508,0.099157358364832
"AC.1-13","AC","D","Annual",2012,18.14,1622.7,1.12,5,1.12,-4.48057830840238,0.106028604211619
"AC.1-13","AC","D","Annual",2013,17.52,1622.62,1.08,6,1.08,-4.51735040151709,0.104111024947814
"AC.1-13","AC","D","Annual",2014,17.36,1622.69,1.07,7,1.07,-4.52675388086132,0.103626167681237
"AC.1-13","AC","D","Annual",2015,16.96,1622.7,1.05,8,1.05,-4.54582450787914,0.10264968192647
"AC.1-14","AC","D","Annual",2008,9.69,780.06,1.24,1,1.24,-4.37758128486003,0.111586715225071
"AC.1-14","AC","D","Annual",2009,9,780.53,1.15,2,1.15,-4.45384160724147,0.107444663555085
"AC.1-14","AC","D","Annual",2012,10.79,781.06,1.38,5,1.38,-4.26919058162687,0.117745281853455
"AC.1-14","AC","D","Annual",2013,8.19,780.35,1.05,6,1.05,-4.54582450787914,0.10264968192647
"AC.1-14","AC","D","Annual",2014,9.25,780.57,1.19,7,1.19,-4.41924550708343,0.109304644130715
"AC.1-14","AC","D","Annual",2015,9.59,780.22,1.23,8,1.23,-4.38577974553571,0.111133988769155
"AC.1-15","AC","D","Annual",2008,15.39,1448,1.06,1,1.06,-4.53624469767559,0.103139064002471
"AC.1-15","AC","D","Annual",2009,18.6,1448.06,1.28,2,1.28,-4.34542748222555,0.113379845018359
"AC.1-15","AC","D","Annual",2012,13.09,1447.26,0.9,5,0.9,-4.70148995699377,0.0950112117313553
"AC.1-15","AC","D","Annual",2013,12.83,1447.28,0.89,6,0.89,-4.71276416067457,0.0944803121437409
"AC.1-15","AC","D","Annual",2015,14.71,1447.36,1.02,8,1.02,-4.57511518222756,0.101167533850085
"AC.1-16","AC","D","Annual",2008,8.32,1262.93,0.66,1,0.66,-5.01406375364087,0.0813300149285429
"AC.1-16","AC","D","Annual",2009,0,1262.72,0.06,2,0,-7.41798072267609,0
"AC.1-16","AC","D","Annual",2012,9.21,1262.36,0.73,5,0.73,-4.91255415544133,0.0855443324724472
"AC.1-16","AC","D","Annual",2013,9.46,1261.94,0.75,6,0.75,-4.88532399201908,0.0867111605478023
"AC.1-16","AC","D","Annual",2014,8.31,1260.86,0.66,7,0.66,-5.01406375364087,0.0813300149285429
"AC.1-16","AC","D","Annual",2015,9.46,1262.05,0.75,8,0.75,-4.88532399201908,0.0867111605478023
"AC.1-17","AC","D","Annual",2008,10.98,889.61,1.23,1,1.23,-4.38577974553571,0.111133988769155
"AC.1-17","AC","D","Annual",2009,12.73,889.61,1.43,2,1.43,-4.23309251140553,0.119869462418394
"AC.1-17","AC","D","Annual",2012,10.99,888.73,1.24,5,1.24,-4.37758128486003,0.111586715225071
"AC.1-17","AC","D","Annual",2013,11.62,889.48,1.31,6,1.31,-4.32195648697086,0.114706610059477
"AC.1-17","AC","D","Annual",2014,8.16,888.78,0.92,7,0.92,-4.67930921356021,0.0960643148670947
"AC.1-17","AC","D","Annual",2015,22.05,889.84,2.48,8,2.48,-3.67179892499613,0.158138448786854
"AC.1-18","AC","D","Annual",2008,12.05,1236.67,0.97,1,0.97,-4.62588204201792,0.0986485002678952
"AC.1-18","AC","D","Annual",2009,8.4,1236.67,0.68,2,0.68,-4.98400944145195,0.082555856714723
"AC.1-18","AC","D","Annual",2012,10.31,1236.38,0.83,5,0.83,-4.78316512738953,0.0912308365080463
"AC.1-18","AC","D","Annual",2013,26.61,1236.38,2.15,6,2.15,-3.81796785170251,0.147159352251578
"AC.1-18","AC","D","Annual",2015,8.6,1236.05,0.7,8,0.7,-4.95482051498986,0.0837639217496668
"AC.1-19","AC","D","Annual",2008,29.09,1397.78,2.08,1,2.08,-3.85178292505079,0.144726759284822
"AC.1-19","AC","D","Annual",2009,23,1397.8,1.65,2,1.65,-4.08775725692258,0.128808218571311
"AC.1-19","AC","D","Annual",2012,26.48,1397.68,1.89,5,1.89,-3.94951246910375,0.13791404934662
"AC.1-19","AC","D","Annual",2013,29.81,1397.63,2.13,6,2.13,-3.82751808771639,0.146468330566419
"AC.1-19","AC","D","Annual",2014,23.46,1397.55,1.68,7,1.68,-4.06943367184261,0.129980506888141
"AC.1-19","AC","D","Annual",2015,25.03,1397.44,1.79,8,1.79,-4.00489242331702,0.134193274173563
"AC.1-2","AC","D","Annual",2007,31.9,1401.83,2.28,0,2.28,-3.75793080342319,0.151576444338099
"AC.1-2","AC","D","Annual",2008,19.67,1401.84,1.4,1,1.4,-4.25459902498738,0.118599433346594
"AC.1-2","AC","D","Annual",2009,15.48,1401.93,1.1,2,1.1,-4.49879905882434,0.105074124512229
"AC.1-2","AC","D","Annual",2012,25.24,1401.75,1.8,5,1.8,-3.9992195504583,0.134569866437276
"AC.1-2","AC","D","Annual",2013,27.41,1401.71,1.96,6,1.96,-3.91243108541749,0.140461414709856
"AC.1-2","AC","D","Annual",2014,28.22,1401.22,2.01,7,2.01,-3.88673071057674,0.14225376124144
"AC.1-2","AC","D","Annual",2015,29.1,1401.21,2.08,8,2.08,-3.85178292505079,0.144726759284822
"AC.1-20","AC","D","Annual",2008,9.89,845.56,1.17,1,1.17,-4.43639745357843,0.108378581328428
"AC.1-20","AC","D","Annual",2009,8.81,846.85,1.04,2,1.04,-4.55549501493095,0.102157988704276
"AC.1-20","AC","D","Annual",2012,10.19,846.05,1.2,5,1.2,-4.41077604795987,0.109764792124965
"AC.1-20","AC","D","Annual",2013,8.28,846.43,0.98,6,0.98,-4.6155245572508,0.099157358364832
"AC.1-20","AC","D","Annual",2014,9.98,846.24,1.18,7,1.18,-4.42778557494003,0.10884258202752
"AC.1-20","AC","D","Annual",2015,46,847.42,5.43,8,5.43,-2.85740116708158,0.235185727296228
"AC.1-3","AC","D","Annual",2007,23.98,960.03,2.5,0,2.5,-3.66356164612965,0.158780214645761
"AC.1-3","AC","D","Annual",2008,19.66,960.03,2.05,1,2.05,-3.86661735124023,0.143671971497579
"AC.1-3","AC","D","Annual",2009,18.16,959.61,1.89,2,1.89,-3.94951246910375,0.13791404934662
"AC.1-3","AC","D","Annual",2012,15.72,959.84,1.64,5,1.64,-4.09393797551188,0.128415130986011
"AC.1-3","AC","D","Annual",2013,17.14,960.39,1.78,6,1.78,-4.0105964963071,0.133815647724716
"AC.1-3","AC","D","Annual",2014,16.71,959.88,1.74,7,1.74,-4.03373191351406,0.132294622508988
"AC.1-3","AC","D","Annual",2015,22.78,959.92,2.37,8,2.37,-3.71829486809054,0.154562716276081
"AC.1-4","AC","D","Annual",2007,13.3,1318.66,1.01,0,1.01,-4.58506850407855,0.100668702662867
"AC.1-4","AC","D","Annual",2008,13.44,1318.56,1.02,1,1.02,-4.57511518222756,0.101167533850085
"AC.1-4","AC","D","Annual",2009,15.47,1318.56,1.17,2,1.17,-4.43639745357843,0.108378581328428
"AC.1-4","AC","D","Annual",2012,17.53,1318.25,1.33,5,1.33,-4.30660200663541,0.115582806636994
"AC.1-4","AC","D","Annual",2013,17.54,1318.21,1.33,6,1.33,-4.30660200663541,0.115582806636994
"AC.1-4","AC","D","Annual",2014,19.17,1318.25,1.45,7,1.45,-4.21900047716625,0.120708866351188
"AC.1-4","AC","D","Annual",2015,19,1318.24,1.44,8,1.44,-4.2260223861973,0.120289882394788
"AC.1-5","AC","D","Annual",2007,14.99,1095.11,1.37,0,1.37,-4.27656473512587,0.117315917625842
"AC.1-5","AC","D","Annual",2008,15.2,1095.1,1.39,1,1.39,-4.26186892920164,0.118173114901943
"AC.1-5","AC","D","Annual",2009,14.5,1094.64,1.32,2,1.32,-4.31425055506288,0.115145526989822
"AC.1-5","AC","D","Annual",2012,13.55,1094.93,1.24,5,1.24,-4.37758128486003,0.111586715225071
"AC.1-5","AC","D","Annual",2013,17.32,1094.85,1.58,6,1.58,-4.13181918839896,0.126031431586129
"AC.1-5","AC","D","Annual",2014,15.03,1093.96,1.37,7,1.37,-4.27656473512587,0.117315917625842
"AC.1-5","AC","D","Annual",2015,14.74,1095.21,1.35,8,1.35,-4.29147364001829,0.116452527807796
"AC.1-6","AC","D","Annual",2008,16.27,1258.42,1.29,1,1.29,-4.33754404005622,0.113823788496745
"AC.1-6","AC","D","Annual",2009,16.99,1259.04,1.35,2,1.35,-4.29147364001829,0.116452527807796
"AC.1-6","AC","D","Annual",2012,16.78,1258.77,1.33,5,1.33,-4.30660200663541,0.115582806636994
"AC.1-6","AC","D","Annual",2013,21.93,1258.6,1.74,6,1.74,-4.03373191351406,0.132294622508988
"AC.1-6","AC","D","Annual",2015,15.28,1258.74,1.21,8,1.21,-4.40237602544773,0.110223049987747
"AC.1-7","AC","D","Annual",2008,29.44,1377.5,2.14,1,2.14,-3.82273205682722,0.146814236218155
"AC.1-7","AC","D","Annual",2009,27.87,1377.5,2.02,2,2.02,-3.88166586479732,0.142609599803375
"AC.1-7","AC","D","Annual",2012,29.24,1377.28,2.12,5,2.12,-3.83232614989055,0.146121629684852
"AC.1-7","AC","D","Annual",2013,32.68,1377.22,2.37,6,2.37,-3.71829486809054,0.154562716276081
"AC.1-7","AC","D","Annual",2014,26.88,1377.14,1.95,7,1.95,-3.9176481800667,0.140100267512798
"AC.1-7","AC","D","Annual",2015,27.49,1377.21,2,8,2,-3.89182029811063,0.141897054604164
"AC.1-8","AC","D","Annual",2008,8.17,773.99,1.06,1,1.06,-4.53624469767559,0.103139064002471
"AC.1-8","AC","D","Annual",2009,11.95,773.75,1.54,2,1.54,-4.15786795790452,0.12441747917363
"AC.1-8","AC","D","Annual",2012,9.7,773.76,1.25,5,1.25,-4.36944785246702,0.11203764265091
"AC.1-8","AC","D","Annual",2013,9.12,773.77,1.18,6,1.18,-4.42778557494003,0.10884258202752
"AC.1-8","AC","D","Annual",2014,8.6,773.51,1.11,7,1.11,-4.48964810595766,0.105552427177911
"AC.1-8","AC","D","Annual",2015,42.99,773.79,5.56,8,5.56,-2.83236660395482,0.238038120826197
"AC.1-9","AC","D","Annual",2008,15.19,1508.26,1.01,1,1.01,-4.58506850407855,0.100668702662867
"AC.1-9","AC","D","Annual",2009,11,1509,0.73,2,0.73,-4.91255415544133,0.0855443324724472
"AC.1-9","AC","D","Annual",2012,17.78,1509.36,1.18,5,1.18,-4.42778557494003,0.10884258202752
"AC.1-9","AC","D","Annual",2013,29.64,1509.1,1.96,6,1.96,-3.91243108541749,0.140461414709856
"AC.1-9","AC","D","Annual",2014,17.47,1508.76,1.16,7,1.16,-4.44508237600214,0.10791261702173
"AC.1-9","AC","D","Annual",2015,24.85,1508.94,1.65,8,1.65,-4.08775725692258,0.128808218571311
"AC.2-1","AC","D","Alternating",2007,10.04,760.05,1.32,0,1.32,-4.31425055506288,0.115145526989822
"AC.2-1","AC","D","Alternating",2014,9.1,758.61,1.2,7,1.2,-4.41077604795987,0.109764792124965
"AC.2-2","AC","D","Alternating",2007,14.64,1510.45,0.97,0,0.97,-4.62588204201792,0.0986485002678952
"AC.2-2","AC","D","Alternating",2014,18.09,1510.22,1.2,7,1.2,-4.41077604795987,0.109764792124965
"AC.2-3","AC","D","Alternating",2007,26.93,1555.39,1.73,0,1.73,-4.03959738386465,0.131911690842981
"AC.2-3","AC","D","Alternating",2014,46.52,1554.34,2.99,7,2.99,-3.4795406785706,0.173789668345611
"AC.2-4","AC","D","Alternating",2007,9.08,756.85,1.2,0,1.2,-4.41077604795987,0.109764792124965
"AC.2-4","AC","D","Alternating",2014,8.49,755.78,1.12,7,1.12,-4.48057830840238,0.106028604211619
"AC.2-5","AC","D","Alternating",2007,17.2,1512.84,1.14,0,1.14,-4.46267644547241,0.106974694819029
"AC.2-5","AC","D","Alternating",2014,18.39,1510.44,1.22,7,1.22,-4.39404429636731,0.110679441201771
"AC.3-1","AC","D","Alternating",2008,27.2,1307.91,2.08,1,2.08,-3.85178292505079,0.144726759284822
"AC.3-1","AC","D","Alternating",2015,24.3,1307.45,1.86,8,1.86,-3.96581854293665,0.136808178982749
"AC.3-2","AC","D","Alternating",2008,10.78,834.77,1.29,1,1.29,-4.33754404005622,0.113823788496745
"AC.3-2","AC","D","Alternating",2009,10.23,834.91,1.23,2,1.23,-4.38577974553571,0.111133988769155
"AC.3-2","AC","D","Alternating",2015,21.38,835.07,2.56,8,2.56,-3.63922954547012,0.160690652951911
"AC.3-4","AC","D","Alternating",2008,24.58,1628.14,1.51,1,1.51,-4.17784536935478,0.123193430910899
"AC.3-4","AC","D","Alternating",2015,32.83,1627.96,2.02,8,2.02,-3.88166586479732,0.142609599803375
"AC.3-5","AC","D","Alternating",2008,10.72,869.35,1.23,1,1.23,-4.38577974553571,0.111133988769155
"AC.3-5","AC","D","Alternating",2009,10.06,869.91,1.16,2,1.16,-4.44508237600214,0.10791261702173
"AC.3-5","AC","D","Alternating",2015,10.24,869.22,1.18,8,1.18,-4.42778557494003,0.10884258202752
"AC.1-10","AC","U","Annual",2008,44.62,1255.83,3.55,1,3.55,-3.30207713586441,0.189547416579824
"AC.1-10","AC","U","Annual",2009,49.58,1255.19,3.95,2,3.95,-3.19115331030154,0.200078299739299
"AC.1-10","AC","U","Annual",2012,46.29,1255.75,3.69,5,3.69,-3.26194569752034,0.193295162291148
"AC.1-10","AC","U","Annual",2013,68.22,1255.24,5.43,6,5.43,-2.85740116708158,0.235185727296228
"AC.1-10","AC","U","Annual",2014,44.1,1255.19,3.51,7,3.51,-3.31382333855452,0.188463618926869
"AC.1-10","AC","U","Annual",2015,57.46,1255.01,4.58,8,4.58,-3.03658920196187,0.215677566333853
"AC.1-11","AC","U","Annual",2008,45.66,816.51,5.59,1,5.59,-2.82666771257742,0.238691891906167
"AC.1-11","AC","U","Annual",2009,34.53,815.32,4.24,2,4.24,-3.11728179200585,0.207396203726858
"AC.1-11","AC","U","Annual",2012,41.69,816.44,5.11,5,5.11,-2.92151892177005,0.228023975563545
"AC.1-11","AC","U","Annual",2013,42.13,816.35,5.16,6,5.16,-2.91125468170373,0.229156683708174
"AC.1-11","AC","U","Annual",2014,37.15,815.08,4.56,7,4.56,-3.04117515426337,0.215198716114959
"AC.1-11","AC","U","Annual",2015,40.97,816.38,5.02,8,5.02,-2.94023640941734,0.225971803569216
"AC.1-12","AC","U","Annual",2008,19.81,1314.13,1.51,1,1.51,-4.17784536935478,0.123193430910899
"AC.1-12","AC","U","Annual",2009,19.4,1314.13,1.48,2,1.48,-4.19821748547631,0.121957349895501
"AC.1-12","AC","U","Annual",2012,20.77,1313.82,1.58,5,1.58,-4.13181918839896,0.126031431586129
"AC.1-12","AC","U","Annual",2013,19.31,1313.81,1.47,6,1.47,-4.20509866954374,0.121542585574654
"AC.1-12","AC","U","Annual",2015,19.41,1313.21,1.48,8,1.48,-4.19821748547631,0.121957349895501
"AC.1-13","AC","U","Annual",2008,35.27,1622.82,2.17,1,2.17,-3.80850411091697,0.14784723758432
"AC.1-13","AC","U","Annual",2009,41.15,1622.87,2.54,2,2.54,-3.64727795638491,0.160056287082205
"AC.1-13","AC","U","Annual",2012,44.85,1622.7,2.76,5,2.76,-3.56195146971886,0.166906337055651
"AC.1-13","AC","U","Annual",2013,54.2,1622.62,3.34,6,3.34,-3.36522885942833,0.18378961606178
"AC.1-13","AC","U","Annual",2014,32.17,1622.69,1.98,7,1.98,-3.90207469477496,0.141181010752405
"AC.1-13","AC","U","Annual",2015,35.75,1622.7,2.2,8,2.2,-3.7944672166765,0.148873280037637
"AC.1-14","AC","U","Annual",2008,187.27,780.06,24.01,1,24.01,-1.15213134244853,0.512089752934148
"AC.1-14","AC","U","Annual",2009,185.93,780.53,23.82,2,23.82,-1.1625733971233,0.50986265327227
"AC.1-14","AC","U","Annual",2012,175.02,781.06,22.41,5,22.41,-1.24193126509302,0.493137645955572
"AC.1-14","AC","U","Annual",2013,169.67,780.35,21.74,6,21.74,-1.2808827350892,0.48506032777889
"AC.1-14","AC","U","Annual",2014,179.97,780.57,23.06,7,23.06,-1.20492638248324,0.500892155875529
"AC.1-14","AC","U","Annual",2015,182.91,780.22,23.44,8,23.44,-1.18363078243589,0.505390018182731
"AC.1-15","AC","U","Annual",2008,3.14,1448,0.22,1,0.22,-6.11709549506267,0.0469213728378925
"AC.1-15","AC","U","Annual",2009,2.59,1448.06,0.18,2,0.18,-6.31816699213339,0.0424391451139306
"AC.1-15","AC","U","Annual",2012,0,1447.26,0.06,5,0,-7.41798072267609,0
"AC.1-15","AC","U","Annual",2013,0,1447.28,0.06,6,0,-7.41798072267609,0
"AC.1-15","AC","U","Annual",2015,0,1447.36,0.06,8,0,-7.41798072267609,0
"AC.1-16","AC","U","Annual",2008,52.79,1262.93,4.18,1,4.18,-3.13216018491831,0.205902299344132
"AC.1-16","AC","U","Annual",2009,46.71,1262.72,3.7,2,3.7,-3.2591354991539,0.193560218793138
"AC.1-16","AC","U","Annual",2012,41.42,1262.36,3.28,5,3.28,-3.38397678391049,0.182112663255027
"AC.1-16","AC","U","Annual",2013,53.78,1261.94,4.26,6,4.26,-3.11236702368308,0.207891923721013
"AC.1-16","AC","U","Annual",2014,43.88,1260.86,3.48,7,3.48,-3.32271794697045,0.187646860284416
"AC.1-16","AC","U","Annual",2015,45,1262.05,3.57,8,3.57,-3.29625176073075,0.190087109621323
"AC.1-17","AC","U","Annual",2008,4.2,889.61,0.47,1,0.47,-5.355481690536,0.0686103625315476
"AC.1-17","AC","U","Annual",2009,5.37,889.61,0.6,2,0.6,-5.10997773742852,0.0775373364821692
"AC.1-17","AC","U","Annual",2012,4.2,888.73,0.47,5,0.47,-5.355481690536,0.0686103625315476
"AC.1-17","AC","U","Annual",2013,5.35,889.48,0.6,6,0.6,-5.10997773742852,0.0775373364821692
"AC.1-17","AC","U","Annual",2014,6.6,888.78,0.74,7,0.74,-4.89884776294322,0.0861297028769566
"AC.1-17","AC","U","Annual",2015,4.2,889.84,0.47,8,0.47,-5.355481690536,0.0686103625315476
"AC.1-19","AC","U","Annual",2008,31.23,1397.78,2.23,1,2.23,-3.78061619604555,0.149892506585065
"AC.1-19","AC","U","Annual",2009,40.8,1397.8,2.92,2,2.92,-3.50395176457821,0.171722812496577
"AC.1-19","AC","U","Annual",2012,34.05,1397.68,2.44,5,2.44,-3.68846953404261,0.156847305038404
"AC.1-19","AC","U","Annual",2013,31.01,1397.63,2.22,6,2.22,-3.78521286126631,0.149553513097907
"AC.1-19","AC","U","Annual",2014,31.93,1397.55,2.28,7,2.28,-3.75793080342319,0.151576444338099
"AC.1-19","AC","U","Annual",2015,32.18,1397.44,2.3,8,2.3,-3.74899243611363,0.152244963364139
"AC.1-2","AC","U","Annual",2007,0,1401.83,0.06,0,0,-7.41798072267609,0
"AC.1-2","AC","U","Annual",2008,0.83,1401.84,0.06,1,0.06,-7.41798072267609,0.0244973475791731
"AC.1-2","AC","U","Annual",2009,0,1401.93,0.06,2,0,-7.41798072267609,0
"AC.1-2","AC","U","Annual",2012,0,1401.75,0.06,5,0,-7.41798072267609,0
"AC.1-2","AC","U","Annual",2013,1.52,1401.71,0.11,6,0.11,-6.81134449373378,0.0331723313941455
"AC.1-2","AC","U","Annual",2014,0,1401.22,0.06,7,0,-7.41798072267609,0
"AC.1-2","AC","U","Annual",2015,0,1401.21,0.06,8,0,-7.41798072267609,0
"AC.1-20","AC","U","Annual",2008,4.9,845.56,0.58,1,0.58,-5.1440804761082,0.0762315430106086
"AC.1-20","AC","U","Annual",2009,4.9,846.85,0.58,2,0.58,-5.1440804761082,0.0762315430106086
"AC.1-20","AC","U","Annual",2012,4.89,846.05,0.58,5,0.58,-5.1440804761082,0.0762315430106086
"AC.1-20","AC","U","Annual",2013,4,846.43,0.47,6,0.47,-5.355481690536,0.0686103625315476
"AC.1-20","AC","U","Annual",2014,3.29,846.24,0.39,7,0.39,-5.54287110101552,0.0624906438766066
"AC.1-20","AC","U","Annual",2015,3.27,847.42,0.39,8,0.39,-5.54287110101552,0.0624906438766066
"AC.1-3","AC","U","Annual",2007,31.4,960.03,3.27,0,3.27,-3.38713360728529,0.18183173520363
"AC.1-3","AC","U","Annual",2008,33.27,960.03,3.47,1,3.47,-3.32569924690176,0.187373853899265
"AC.1-3","AC","U","Annual",2009,37,959.61,3.86,2,3.86,-3.21513827898908,0.197755249377183
"AC.1-3","AC","U","Annual",2012,33.2,959.84,3.46,5,3.46,-3.32868884116271,0.187100468009963
"AC.1-3","AC","U","Annual",2013,33.56,960.39,3.49,6,3.49,-3.31974489370471,0.187919488822537
"AC.1-3","AC","U","Annual",2014,26.69,959.88,2.78,7,2.78,-3.55452552391476,0.167515678429263
"AC.1-3","AC","U","Annual",2015,18.26,959.92,1.9,8,1.9,-3.94413348039892,0.138280757190264
"AC.1-4","AC","U","Annual",2007,30.85,1318.66,2.34,0,2.34,-3.7313411292639,0.15357354165168
"AC.1-4","AC","U","Annual",2008,29.62,1318.56,2.25,1,2.25,-3.77148298264915,0.150568272776686
"AC.1-4","AC","U","Annual",2009,29.11,1318.56,2.21,2,2.21,-3.78982980679452,0.149213772621384
"AC.1-4","AC","U","Annual",2012,27.92,1318.25,2.12,5,2.12,-3.83232614989055,0.146121629684852
"AC.1-4","AC","U","Annual",2013,30.29,1318.21,2.3,6,2.3,-3.74899243611363,0.152244963364139
"AC.1-4","AC","U","Annual",2014,18.04,1318.25,1.37,7,1.37,-4.27656473512587,0.117315917625842
"AC.1-4","AC","U","Annual",2015,24.75,1318.24,1.88,8,1.88,-3.95491944254843,0.137546388824022
"AC.1-5","AC","U","Annual",2007,48.94,1095.11,4.47,0,4.47,-3.06205192565644,0.213031404815819
"AC.1-5","AC","U","Annual",2008,54.99,1095.1,5.02,1,5.02,-2.94023640941734,0.225971803569216
"AC.1-5","AC","U","Annual",2009,56.01,1094.64,5.12,2,5.12,-2.919458496198,0.228250935109786
"AC.1-5","AC","U","Annual",2012,49.5,1094.93,4.52,5,4.52,-3.05040480762649,0.214238005970188
"AC.1-5","AC","U","Annual",2013,44.32,1094.85,4.05,6,4.05,-3.16511034133526,0.202629900095237
"AC.1-5","AC","U","Annual",2014,48.49,1093.96,4.43,7,4.43,-3.07145937922104,0.21206148527433
"AC.1-5","AC","U","Annual",2015,52.96,1095.21,4.84,8,4.84,-2.97864496470622,0.221814470496794
"AC.1-7","AC","U","Annual",2008,40.38,1377.5,2.93,1,2.93,-3.50042994469516,0.172019537077475
"AC.1-7","AC","U","Annual",2009,41.37,1377.5,3,2,3,-3.47609868983527,0.17408301063648
"AC.1-7","AC","U","Annual",2012,37.59,1377.28,2.73,5,2.73,-3.57318900768448,0.165988288382181
"AC.1-7","AC","U","Annual",2013,33.99,1377.22,2.47,6,2.47,-3.67594187234404,0.157816620183033
"AC.1-7","AC","U","Annual",2014,39.19,1377.14,2.85,7,2.85,-3.52893718154289,0.169631784645063
"AC.1-7","AC","U","Annual",2015,38.21,1377.21,2.77,8,2.77,-3.55823198562232,0.167211274882913
"AC.1-8","AC","U","Annual",2008,60.79,773.99,7.85,1,7.85,-2.46290415232152,0.283980066879893
"AC.1-8","AC","U","Annual",2009,60.02,773.75,7.76,2,7.76,-2.47541154176568,0.282302522217812
"AC.1-8","AC","U","Annual",2012,60.31,773.76,7.79,5,7.79,-2.47122772466839,0.282862688443755
"AC.1-8","AC","U","Annual",2013,58.07,773.77,7.5,6,7.5,-2.51230562397611,0.277405516490036
"AC.1-8","AC","U","Annual",2014,56.94,773.51,7.36,7,7.36,-2.5326610810839,0.274736365799644
"AC.1-8","AC","U","Annual",2015,59.05,773.79,7.63,8,7.63,-2.49371440530815,0.279863587833355
"AC.1-9","AC","U","Annual",2008,8.24,1508.26,0.55,1,0.55,-5.1974920060556,0.0742301354983299
"AC.1-9","AC","U","Annual",2009,6,1509,0.4,2,0.4,-5.51745289646471,0.0632877929813619
"AC.1-9","AC","U","Annual",2012,5.84,1509.36,0.39,5,0.39,-5.54287110101552,0.0624906438766066
"AC.1-9","AC","U","Annual",2013,0,1509.1,0.06,6,0,-7.41798072267609,0
"AC.1-9","AC","U","Annual",2014,9.89,1508.76,0.66,7,0.66,-5.01406375364087,0.0813300149285429
"AC.1-9","AC","U","Annual",2015,8.11,1508.94,0.54,8,0.54,-5.21594169271041,0.0735509897360496
"AC.2-1","AC","U","Alternating",2007,3.82,760.05,0.5,0,0.5,-5.29330482472449,0.0707697366622136
"AC.2-1","AC","U","Alternating",2014,5.86,758.61,0.77,7,0.77,-4.85880515206056,0.0878626479154669
"AC.2-2","AC","U","Alternating",2007,1.58,1510.45,0.1,0,0.1,-6.90675477864855,0.0316280494375717
"AC.2-2","AC","U","Alternating",2014,15.37,1510.22,1.02,7,1.02,-4.57511518222756,0.101167533850085
"AC.2-4","AC","U","Alternating",2007,4.51,756.85,0.6,0,0.6,-5.10997773742852,0.0775373364821692
"AC.2-4","AC","U","Alternating",2014,17.65,755.78,2.34,7,2.34,-3.7313411292639,0.15357354165168
"AC.3-1","AC","U","Alternating",2008,42.66,1307.91,3.26,1,3.26,-3.39029977201622,0.181550391812326
"AC.3-1","AC","U","Alternating",2015,97.7,1307.45,7.47,8,7.47,-2.51663791711621,0.276835497285404
"AC.3-2","AC","U","Alternating",2008,4.16,834.77,0.5,1,0.5,-5.29330482472449,0.0707697366622136
"AC.3-2","AC","U","Alternating",2009,4.16,834.91,0.5,2,0.5,-5.29330482472449,0.0707697366622136
"AC.3-2","AC","U","Alternating",2015,7.51,835.07,0.9,8,0.9,-4.70148995699377,0.0950112117313553
"AC.3-4","AC","U","Alternating",2008,29.39,1628.14,1.81,1,1.81,-3.99357753190346,0.134945433178298
"AC.3-4","AC","U","Alternating",2015,31.77,1627.96,1.95,8,1.95,-3.9176481800667,0.140100267512798
"AC.3-5","AC","U","Alternating",2008,20.01,869.35,2.3,1,2.3,-3.74899243611363,0.152244963364139
"AC.3-5","AC","U","Alternating",2009,20.87,869.91,2.4,2,2.4,-3.70540875606515,0.155545800895981
"AC.3-5","AC","U","Alternating",2015,21.02,869.22,2.42,8,2.42,-3.6969050142191,0.156197864168989
